ID	Description	GeneRatio	BgRatio	pvalue	p.adjust	qvalue	geneID	Count
C4021534	Adult onset sensorineural hearing impairment	1/1	6/16061	0.000373575742481869	0.00186787871240934		TBL1Y	1
C0342684	Ocular albinism, type I	1/1	30/16061	0.0018678787124089	0.00466969678102225		TBL1Y	1
C0003492	Aortic coarctation	1/1	76/16061	0.00473195940476945	0.00788659900794908		TBL1Y	1
C0858252	Breast adenocarcinoma	1/1	196/16061	0.012203474254405	0.0152543428180063		TBL1Y	1
C0020557	Hypertriglyceridemia	1/1	291/16061	0.0181184235103669	0.0181184235103669		TBL1Y	1
