query	significant	p_value	term_size	query_size	intersection_size	precision	recall	term_id	source	term_name	effective_domain_size	source_order	parents
query_1	TRUE	0.0071259826337973	2886	162	49	0.302469135802469	0.016978516978517	GO:0035556	GO:BP	intracellular signal transduction	18123	10495	GO:0007165
query_1	TRUE	0.0169844476396893	2888	162	48	0.296296296296296	0.0166204986149585	GO:0051239	GO:BP	regulation of multicellular organismal process	18123	15743	GO:0032501|GO:0050789
query_1	TRUE	0.0216863989775535	498	162	16	0.0987654320987654	0.0321285140562249	GO:0001819	GO:BP	positive regulation of cytokine production	18123	597	GO:0001816|GO:0001817|GO:0010628|GO:0051240
query_1	TRUE	0.0383251358428459	6164	162	81	0.5	0.0131408176508761	GO:0048856	GO:BP	anatomical structure development	18123	15191	GO:0032502
query_1	TRUE	0.0352347375037227	9	166	3	0.0180722891566265	0.333333333333333	GO:0022889	GO:MF	serine transmembrane transporter activity	18679	4711	GO:0008324|GO:0008514|GO:0015175
query_1	TRUE	0.0372281493125501	456	166	14	0.0843373493975904	0.0307017543859649	GO:0005096	GO:MF	GTPase activator activity	18679	1605	GO:0008047|GO:0030695
query_1	TRUE	0.0464232751750197	526	166	15	0.0903614457831325	0.0285171102661597	GO:0060589	GO:MF	nucleoside-triphosphatase regulator activity	18679	9603	GO:0030234
