query	significant	p_value	term_size	query_size	intersection_size	precision	recall	term_id	source	term_name	effective_domain_size	source_order	parents
query_1	TRUE	0.0497989582379652	4	14	2	0.142857142857143	0.5	CORUM:784	CORUM	SMG-1-UPF-ERF1-ERF3 complex (SURF)	3627	437	CORUM:0000000
query_1	TRUE	0.0410850149812992	138	72	6	0.0833333333333333	0.0434782608695652	GO:0042552	GO:BP	myelination	18123	11860	GO:0008366
query_1	TRUE	0.0445821215419706	140	72	6	0.0833333333333333	0.0428571428571429	GO:0007272	GO:BP	ensheathment of neurons	18123	3176	GO:0007399|GO:0009987
query_1	TRUE	0.0445821215419706	140	72	6	0.0833333333333333	0.0428571428571429	GO:0008366	GO:BP	axon ensheathment	18123	3618	GO:0007272
query_1	TRUE	0.0448024298082101	382	72	9	0.125	0.0235602094240838	GO:0022412	GO:BP	cellular process involved in reproduction in multicellular organism	18123	7610	GO:0009987|GO:0022414|GO:0032504
