Modules	Pvalue	FDR	Tissue
MEblack	0.761222036100049	0.965766489876124	Hippocampus
MEblue	0.278663986287737	0.965766489876124	Hippocampus
MEbrown	0.504828547348024	0.965766489876124	Hippocampus
MEcyan	0.903458974400245	0.965766489876124	Hippocampus
MEdarkgreen	0.672509224091774	0.965766489876124	Hippocampus
MEdarkgrey	0.889523098839087	0.965766489876124	Hippocampus
MEdarkorange	0.349232234629287	0.965766489876124	Hippocampus
MEdarkred	0.989276045870368	0.994062891924879	Hippocampus
MEdarkturquoise	0.3199834324082	0.965766489876124	Hippocampus
MEgreen	0.787143622715191	0.965766489876124	Hippocampus
MEgreenyellow	0.651374321726311	0.965766489876124	Hippocampus
MEgrey	0.994062891924879	0.994062891924879	Hippocampus
MEgrey60	0.819797995253256	0.965766489876124	Hippocampus
MElightcyan	0.418861613191808	0.965766489876124	Hippocampus
MElightgreen	0.894634786949837	0.965766489876124	Hippocampus
MElightyellow	0.774794235006246	0.965766489876124	Hippocampus
MEmagenta	0.854282170430595	0.965766489876124	Hippocampus
MEmidnightblue	0.5913741512431	0.965766489876124	Hippocampus
MEorange	0.339366709360998	0.965766489876124	Hippocampus
MEpink	0.208314277970826	0.965766489876124	Hippocampus
MEpurple	0.786703746124104	0.965766489876124	Hippocampus
MEred	0.574440080250444	0.965766489876124	Hippocampus
MEroyalblue	0.17412695609815	0.965766489876124	Hippocampus
MEsaddlebrown	0.319984379894098	0.965766489876124	Hippocampus
MEsalmon	0.20024460954371	0.965766489876124	Hippocampus
MEskyblue	0.838432267391941	0.965766489876124	Hippocampus
MEsteelblue	0.606533261285568	0.965766489876124	Hippocampus
MEtan	0.707042262937941	0.965766489876124	Hippocampus
MEturquoise	0.47968500014689	0.965766489876124	Hippocampus
MEwhite	0.277031314839817	0.965766489876124	Hippocampus
MEyellow	0.721490487625862	0.965766489876124	Hippocampus
