Modules	Pvalue	FDR	Tissue
MEblack	0.264004609566056	0.948420346103527	Hippocampus
MEblue	0.534282336609003	0.948420346103527	Hippocampus
MEbrown	0.263663844720051	0.948420346103527	Hippocampus
MEcyan	0.80249362164665	0.948420346103527	Hippocampus
MEdarkgreen	0.548044707388717	0.948420346103527	Hippocampus
MEdarkgrey	0.49218409652	0.948420346103527	Hippocampus
MEdarkmagenta	0.260877325038545	0.948420346103527	Hippocampus
MEdarkolivegreen	0.894333702764595	0.948420346103527	Hippocampus
MEdarkorange	0.797475317003447	0.948420346103527	Hippocampus
MEdarkred	0.87256032867349	0.948420346103527	Hippocampus
MEdarkturquoise	0.228064208087064	0.948420346103527	Hippocampus
MEgreen	0.625613253919946	0.948420346103527	Hippocampus
MEgreenyellow	0.345302385163181	0.948420346103527	Hippocampus
MEgrey	0.868952667232876	0.948420346103527	Hippocampus
MEgrey60	0.163748267289361	0.948420346103527	Hippocampus
MElightcyan	0.797854946523194	0.948420346103527	Hippocampus
MElightgreen	0.664380627535452	0.948420346103527	Hippocampus
MElightyellow	0.24240733635716	0.948420346103527	Hippocampus
MEmagenta	0.470959993368734	0.948420346103527	Hippocampus
MEmidnightblue	0.9132161750251	0.948420346103527	Hippocampus
MEorange	0.442898242044249	0.948420346103527	Hippocampus
MEpaleturquoise	0.230877970124994	0.948420346103527	Hippocampus
MEpink	0.841250063039801	0.948420346103527	Hippocampus
MEpurple	0.686294270958347	0.948420346103527	Hippocampus
MEred	0.921322621929141	0.948420346103527	Hippocampus
MEroyalblue	0.320949528169148	0.948420346103527	Hippocampus
MEsaddlebrown	0.342526458498481	0.948420346103527	Hippocampus
MEsalmon	0.697394282057768	0.948420346103527	Hippocampus
MEskyblue	0.577526827830822	0.948420346103527	Hippocampus
MEsteelblue	0.201329862204379	0.948420346103527	Hippocampus
MEtan	0.744967024864353	0.948420346103527	Hippocampus
MEturquoise	0.494110801575229	0.948420346103527	Hippocampus
MEviolet	0.972903415662229	0.972903415662229	Hippocampus
MEwhite	0.322099690766262	0.948420346103527	Hippocampus
MEyellow	0.834013183119497	0.948420346103527	Hippocampus
