Tissue	Z_score	P_Value
Caudate	1.03619847548301	1.69989044213829
DLPFC	-0.249286338292725	0.803139298280777
Hippocampus	-0.395121973543274	0.692752872982045
