Tissue	Z_score	P_Value
Caudate	1.03619847548301	0.300109557861711
DLPFC	-0.249286338292725	1.19686070171922
Hippocampus	-0.395121973543274	1.30724712701796
