Tissue	Z_score	P_Value
Caudate	-0.769891257374543	0.441364400370517
DLPFC	-0.461718065427605	0.644283514278848
Hippocampus	-0.390615539373897	0.696081437691424
