ID	Description	setSize	enrichmentScore	NES	pvalue	p.adjust	qvalue	rank	leading_edge	core_enrichment
GO:0007549	dosage compensation	29	-0.962822712626252	-2.54474538548564	1e-10	3.0445e-07	2.83894736842105e-07	3	tags=7%, list=0%, signal=7%	TSIX/XIST
GO:0009048	dosage compensation by inactivation of X chromosome	27	-0.965231884673818	-2.53633181872651	1e-10	3.0445e-07	2.83894736842105e-07	3	tags=7%, list=0%, signal=7%	TSIX/XIST
GO:0040029	epigenetic regulation of gene expression	149	-0.730397664043841	-2.57184949682201	1.42491967603342e-07	0.00028921119691225	0.00026968479763243	712	tags=6%, list=4%, signal=6%	H3C11/H3C3/H3C2/KLF2/HMGA2/H3C1/H3C10/TSIX/XIST
GO:0048844	artery morphogenesis	60	-0.649948797310994	-1.98848952513327	1.61193263106632e-05	0.0245376444764071	0.0228809595051888	2061	tags=40%, list=11%, signal=36%	SIX1/FOXF1/JAG1/MYOCD/LRP2/FKBP10/NOTCH3/ENG/EFEMP2/PDGFRB/FOXC1/BMP4/APOE/PRDM1/WNT11/APOB/ACVRL1/ADGRF5/GJA5/EDN1/TBX2/MDK/FOLR1/FOXC2
