ID	Description	setSize	enrichmentScore	NES	pvalue	p.adjust	qvalue	rank	leading_edge	core_enrichment
GO:0019865	immunoglobulin binding	13	-0.886947513687885	-2.15634649523619	4.12223330214437e-06	0.00475705723067461	0.00426976586243165	1698	tags=85%, list=9%, signal=77%	FCGR2B/FCGRT/VWF/CD22/FCGR1A/FCGR3B/FCER1G/LILRA2/FCGR3A/FCGR2A/FCAR
GO:0032451	demethylase activity	38	0.935503489846805	2.75218295823608	5.58414937059271e-05	0.0107401806227733	0.00964000522923374	5	tags=5%, list=0%, signal=5%	KDM5D/UTY
GO:0016706	2-oxoglutarate-dependent dioxygenase activity	59	0.906803478584101	2.75195871730082	4.13998336289805e-05	0.0107401806227733	0.00964000522923374	5	tags=3%, list=0%, signal=3%	KDM5D/UTY
GO:0032452	histone demethylase activity	29	0.94193464506343	2.73258112310159	5.22165224308196e-05	0.0107401806227733	0.00964000522923374	5	tags=7%, list=0%, signal=7%	KDM5D/UTY
GO:0140457	protein demethylase activity	29	0.94193464506343	2.73258112310159	5.22165224308196e-05	0.0107401806227733	0.00964000522923374	5	tags=7%, list=0%, signal=7%	KDM5D/UTY
GO:0050681	nuclear androgen receptor binding	25	0.952020755778685	2.70673110747745	3.44756720582411e-05	0.0107401806227733	0.00964000522923374	3	tags=4%, list=0%, signal=4%	KDM5D
GO:0051213	dioxygenase activity	88	0.852191207409206	2.53417538559641	9.57653237034006e-05	0.0138141479442155	0.0123990892794929	5	tags=2%, list=0%, signal=2%	KDM5D/UTY
GO:0001848	complement binding	18	-0.823222070902001	-2.14351783858796	8.60594084411849e-05	0.0138141479442155	0.0123990892794929	1966	tags=56%, list=11%, signal=50%	CD93/ITGAM/MEGF10/ITGB2/CFB/C4B/C4A/CR1/VSIG4/CR2
