ID	Description	GeneRatio	BgRatio	pvalue	p.adjust	qvalue	geneID	Count
C0242526	Gonadal Dysgenesis, 45,X	4/134	17/15215	1.25251418662495e-05	0.0252632111442253	0.0252632111442253	KDM6A/XIST/ZFY/BCL2L11	4
