ID	Description	GeneRatio	BgRatio	pvalue	p.adjust	qvalue	geneID	Count
C0024314	Lymphoproliferative Disorders	14/107	214/15307	2.75512698334633e-10	8.43344369602313e-07	7.45624365703519e-07	ANPEP/BCL6/SERPING1/ETV6/FGR/FOXO3/IL1R1/JAK3/MYC/PSMB6/SLC11A1/TAC1/SOCS3/ABCG2	14
C1279296	Chronic leukemia (category)	4/107	25/15307	2.54951358790503e-05	0.0390203054628864	0.0344989443921254	ETV6/MYC/PSMB6/RELA	4
C0702266	Basophilia	3/107	10/15307	3.84551665494227e-05	0.039237088269261	0.0346906081398476	ETV6/ACSL6/ACSL5	3
C0206180	Ki-1+ Anaplastic Large Cell Lymphoma	9/107	247/15307	5.81374281919437e-05	0.0444896669238849	0.0393345599688124	ANPEP/BCL6/CYP51A1/FOXO3/IL1R1/JAK3/MYC/SQLE/SOCS3	9
C1332182	Adult Anaplastic Large Cell Lymphoma	6/107	104/15307	8.82718384829444e-05	0.0492426642268144	0.04353681793949	ANPEP/FOXO3/IL1R1/JAK3/MYC/SOCS3	6
C1332942	Childhood Anaplastic Large Cell Lymphoma	6/107	106/15307	9.81267740237743e-05	0.0492426642268144	0.04353681793949	ANPEP/FOXO3/IL1R1/JAK3/MYC/SOCS3	6
C0812413	Malignant Pleural Mesothelioma	10/107	333/15307	0.000112609816918556	0.0492426642268144	0.04353681793949	FOXO3/MYC/RELA/SST/FZD4/SOCS3/COX5A/ABCG2/PARK7/EID1	10
